{"AK":{"tested":131156.5365853659,"positive":1409.0243902439,"deaths":16.6707317073},"AL":{"tested":494717.7674418605,"positive":64635.9244186046,"deaths":1312.2209302326},"AR":{"tested":326662.7884615384,"positive":24071.9615384615,"deaths":341.3653846154},"AZ":{"tested":847918.1176470588,"positive":110201.0823529412,"deaths":2550.5647058824},"CA":{"tested":7861296.125,"positive":456278.7986111111,"deaths":9402.2638888889},"CO":{"tested":387356.14,"positive":37757.8,"deaths":1564.06},"CT":{"tested":520925.5272727273,"positive":45576.0363636364,"deaths":4104.2363636364},"DC":{"tested":152139.6525423729,"positive":11216.6271186441,"deaths":547.9237288136},"DE":{"tested":114949.44,"positive":11842.38,"deaths":452.0},"FL":{"tested":3134633.713235294,"positive":378529.4705882353,"deaths":7286.3529411765},"GA":{"tested":1029755.3490566037,"positive":111545.1320754717,"deaths":2936.7924528302},"HI":{"tested":97055.1186440678,"positive":2055.3728813559,"deaths":29.5593220339},"IA":{"tested":303590.716981132,"positive":32420.6226415094,"deaths":699.5849056604},"ID":{"tested":91433.2230215827,"positive":19550.726618705,"deaths":221.2949640288},"IL":{"tested":2904062.5548387095,"positive":183604.0,"deaths":7186.4451612903},"IN":{"tested":765467.3693693693,"positive":64502.4954954955,"deaths":2602.2882882883},"KS":{"tested":221631.052631579,"positive":21975.8157894737,"deaths":318.0526315789},"KY":{"tested":761194.9420289855,"positive":36886.4130434783,"deaths":796.4347826087},"LA":{"tested":832985.8205128205,"positive":71112.5641025641,"deaths":3245.5641025641},"MA":{"tested":902819.703125,"positive":105226.8125,"deaths":7601.8125},"MD":{"tested":926975.6241134752,"positive":87598.3546099291,"deaths":3357.0992907801},"ME":{"tested":72907.9,"positive":3116.24,"deaths":102.06},"MI":{"tested":1253749.0,"positive":75290.3548387097,"deaths":5994.435483871},"MN":{"tested":1039010.0211267605,"positive":55747.3098591549,"deaths":1557.985915493},"MO":{"tested":441285.4827586207,"positive":30760.0517241379,"deaths":980.1034482759},"MS":{"tested":478849.7971014493,"positive":56469.1739130435,"deaths":1766.6594202899},"MT":{"tested":176469.6642335767,"positive":5573.2627737226,"deaths":77.5693430657},"NC":{"tested":1056023.7358490566,"positive":74226.2641509434,"deaths":1451.8113207547},"ND":{"tested":109601.1808510638,"positive":5301.4574468085,"deaths":91.6808510638},"NE":{"tested":166771.4754098361,"positive":18718.737704918,"deaths":235.5573770492},"NH":{"tested":112793.5342465753,"positive":6502.9863013699,"deaths":375.7260273973},"NJ":{"tested":1454022.7466666666,"positive":170820.7066666667,"deaths":12928.8933333333},"NM":{"tested":385719.3595505618,"positive":13928.2471910112,"deaths":507.3258426966},"NV":{"tested":355343.3703703704,"positive":24099.0,"deaths":618.3518518519},"NY":{"tested":4494793.416666667,"positive":397291.75,"deaths":24621.65625},"OH":{"tested":462894.8389261745,"positive":88354.5100671141,"deaths":3387.5033557047},"OK":{"tested":518602.5844155844,"positive":39285.7077922078,"deaths":602.5649350649},"OR":{"tested":246998.8679245283,"positive":10287.8301886792,"deaths":230.9245283019},"PA":{"tested":820956.1833333333,"positive":89363.55,"deaths":6341.1666666667},"RI":{"tested":266019.0344827586,"positive":16867.2068965517,"deaths":845.8275862069},"SC":{"tested":361013.6666666667,"positive":36493.8787878788,"deaths":901.8333333333},"SD":{"tested":77744.3461538462,"positive":7717.0769230769,"deaths":94.5576923077},"TN":{"tested":1155963.3853211009,"positive":76040.5412844037,"deaths":888.7889908257},"TX":{"tested":3549431.2406015038,"positive":398811.969924812,"deaths":7623.8345864662},"UT":{"tested":352370.5263157895,"positive":22815.5964912281,"deaths":186.1578947368},"VA":{"tested":673997.4074074074,"positive":64427.0925925926,"deaths":1716.7037037037},"VT":{"tested":62634.1020408163,"positive":1185.6326530612,"deaths":55.5714285714},"WA":{"tested":642300.0348837209,"positive":36563.8023255814,"deaths":1327.5},"WI":{"tested":561505.625,"positive":35582.9285714286,"deaths":745.4464285714},"WV":{"tested":195235.68,"positive":4385.12,"deaths":115.22},"WY":{"tested":69153.1223021583,"positive":2179.3309352518,"deaths":26.9136690647}}